Name,Math,Science,English,Average
Alice,85,91,87,87.66666666666667
Charlie,92,89,85,88.66666666666667
David,88,95,90,91.0
